{
    "materials":[{
        "blending":"NormalBlending",
        "transparent":false,
        "mapDiffuse":"bark.jpg",
        "colorEmissive":[0,0,0],
        "depthWrite":true,
        "shading":"lambert",
        "depthTest":true,
        "DbgIndex":1,
        "doubleSided":false,
        "visible":true,
        "mapDiffuseWrap":["repeat","repeat"],
        "DbgName":"bark",
        "opacity":1,
        "mapDiffuseRepeat":[1,1],
        "wireframe":false,
        "DbgColor":15597568,
        "mapDiffuseAnisotropy":1,
        "colorDiffuse":[0.64,0.64,0.64]
    },{
        "blending":"NormalBlending",
        "transparent":false,
        "colorSpecular":[0.5,0.5,0.5],
        "colorEmissive":[0,0,0],
        "depthWrite":true,
        "shading":"phong",
        "depthTest":true,
        "DbgIndex":0,
        "doubleSided":false,
        "visible":true,
        "specularCoef":50,
        "DbgName":"Material",
        "opacity":1,
        "wireframe":false,
        "DbgColor":15658734,
        "colorDiffuse":[0.64,0.64,0.64]
    }],
    "metadata":{
        "materials":2,
        "type":"Geometry",
        "vertices":98,
        "normals":93,
        "uvs":1,
        "version":3,
        "generator":"io_three",
        "faces":94
    },
    "vertices":[1.6169,-1,-1.6169,1.6169,-1,1.6169,-1.6169,-1,1.6169,-1.6169,-1,-1.6169,1.15842,1,-1.15842,1.15842,1,1.15843,-1.15842,1,1.15842,-1.15842,1,-1.15842,1,2.26074,-1,0.999999,2.26074,1,-1,2.26074,1,-1,2.26074,-1,1,3.69548,-1,0.999999,3.69548,1,-1,3.69548,0.999999,-1,3.69548,-1,1,4.96255,-1,0.999999,4.96255,1,-1,4.96255,0.999999,-1,4.96255,-1,1.99098,-1,6.75904e-08,-1.99098,-1,-3.42137e-07,1.42643,1,5.49387e-07,-1.42643,1,-2.79182e-07,1.23135,2.26074,4.37622e-07,-1.23135,2.26074,-2.77634e-07,1.23135,3.69548,3.74907e-07,-1.23135,3.69548,-3.40348e-07,1.23135,4.96255,3.19522e-07,-1.23135,4.96255,-3.95734e-07,2.70981e-07,-1,-2.06796,-2.75323e-07,-1,2.06796,2.98617e-07,1,-1.48158,-5.99001e-07,1,1.48158,2.38419e-07,2.26074,-1.27896,-5.36442e-07,2.26074,1.27896,2.38419e-07,3.69548,-1.27896,-5.36442e-07,3.69548,1.27896,2.38419e-07,4.96255,-1.27896,-5.36442e-07,4.96255,1.27896,-1.19209e-07,4.96255,-3.81059e-08,0,-1,-1.35103e-07,-0.233492,5.41734,1.02163,-1.20269,5.62861,1.36676,-1.09831,5.70534,0.553682,-0.57495,5.64209,0.523342,1.36923,5.71562,0.575637,1.41105,5.71562,1.29191,0.697953,5.71562,0.599273,0.684211,5.71562,1.28715,1.23822,5.92768,-1.56971,1.21586,5.95844,-0.909291,0.376944,6.11057,-0.463019,0.592887,6.03646,-1.42673,-0.804653,5.69089,-1.42952,-1.53514,5.69089,-1.4305,-1.49698,5.69089,-0.710433,-0.813403,5.69089,-0.787846,1.90759,6.57163,-1.77096,1.87074,6.59885,-1.25261,1.21125,6.7195,-0.876197,1.40462,6.65723,-1.63976,2.57071,7.08509,-2.34914,2.64231,7.08191,-2.14911,2.39242,7.12295,-2.12004,2.36089,7.11716,-2.38285,-1.99833,6.79529,-2.40096,-2.47693,6.79529,-2.4016,-2.45193,6.79529,-1.92983,-2.00406,6.79529,-1.98055,-2.1246,7.76848,-3.17933,-2.34548,7.76848,-3.17962,-2.33394,7.76848,-2.9619,-2.12724,7.76848,-2.98531,-1.78674,6.59937,1.93342,-2.44362,6.74255,2.16733,-2.37288,6.79456,1.61626,-2.01817,6.75169,1.5957,2.12958,6.75013,1.64579,2.15619,6.75013,2.10177,1.70224,6.75013,1.66084,1.69349,6.75013,2.09874,2.9395,7.64864,2.37916,2.95884,7.64864,2.71047,2.629,7.64864,2.39009,2.62264,7.64864,2.70827,-2.58821,7.7065,2.0939,-2.93697,7.78252,2.2181,-2.89941,7.81013,1.92552,-2.71108,7.78737,1.9146,1,1,-1,1,-1,-1,1,1,1,1,-1,1,-1,1,-1,-1,-1,-1,-1,1,1,-1,-1,1],
    "normals":[1.05883e-08,-1,4.74518e-08,-0.963382,0.149065,0.222879,0.939391,0.265166,0.217329,-0.258588,0.271776,0.926968,-0.939391,0.265166,-0.217329,-0.258588,0.271777,-0.926968,-0.268702,0,-0.963223,-0.265539,0.152981,-0.951885,0.265539,0.152981,0.951885,0.963382,0.149065,-0.222878,0.268702,9.06226e-08,0.963223,0.268702,0,0.963224,0.974267,-1.51781e-08,-0.225396,-0.974267,1.01187e-08,0.225397,0.00805577,0.605249,-0.795995,0.974267,-1.71865e-08,-0.225397,-0.974267,1.14577e-08,0.225397,-0.268702,-9.06226e-08,-0.963223,-0.974267,-1.71865e-08,-0.225397,0.974267,1.14577e-08,0.225398,0.0277513,0.726627,0.686472,-0.974267,-5.05937e-09,-0.225397,0.974267,1.01187e-08,0.225398,0.963382,0.149065,0.222879,-0.939391,0.265166,0.217328,0.939391,0.265166,-0.217328,-0.963382,0.149065,-0.222879,8.19298e-09,-1,6.55339e-08,-8.193e-09,-1,6.55339e-08,0.972578,-0.199996,-0.118712,0.268702,-6.79669e-08,-0.963223,-0.735738,0.677247,-0.00514062,-0.268702,2.00081e-08,0.963223,-0.268702,6.79669e-08,0.963223,-0.26554,0.152981,0.951885,0.265539,0.152981,-0.951885,0.268702,-2.00081e-08,-0.963223,0.258588,0.271777,-0.926968,0.258588,0.271776,0.926968,-1.05883e-08,-1,4.74518e-08,0.0479176,0.725665,-0.686377,0.802854,0.590847,-0.0795336,-0.993587,-0.0920324,0.0656871,0.0240321,-0.0878686,0.995842,-0.00517434,-0.614101,0.789211,0.149753,-0.296814,0.94312,0.91461,-0.391518,0.101005,-0.00976171,0.618403,-0.785801,-0.635086,0.743572,-0.209205,0.054057,-0.350967,-0.934826,-0.921695,0.374503,-0.101124,0.217447,0.499942,0.838316,0.0722371,0.766749,0.63787,-0.839402,-0.535273,-0.0942765,-0.139576,-0.474959,-0.868868,0.668098,0.744067,0.00304354,0.570405,-0.821364,-0.000104577,0.476023,-0.0353226,0.878723,-0.238279,-0.0388402,-0.97042,0.709209,-0.701502,0.0701249,0.157324,0.986711,-0.0406234,-0.474686,0.870116,-0.132552,0.401394,0.65687,0.638283,-0.207242,-0.648931,-0.732079,0.0779892,0.720876,0.688662,0.00100144,-0.659851,-0.751395,0.675049,0.737715,0.00920405,-0.777861,-0.627082,0.0412264,0,1,0,0.0010411,-0.624522,-0.781006,0.990163,0.139269,0.0135005,-0.98328,0.174484,0.0521134,-0.895561,-0.417308,-0.154351,0.235566,-0.380331,0.894347,0.589919,0.806445,-0.0405178,-0.713674,-0.682871,-0.156064,-0.00544262,-0.557525,0.830142,0.828037,-0.558586,-0.0483377,-0.710125,0.703933,-0.0141864,-0.0241509,0.727288,-0.685907,0.759777,-0.648669,-0.0443529,-0.690397,0.723299,-0.0137922,-0.0268453,0.646506,-0.762437,0.221607,0.958332,0.180251,-0.0216686,0.280936,-0.959482,0.356754,0.124038,0.925927,0.764609,0.59083,-0.257475,0,1,-2.98023e-08,0,-1,2.98023e-08,0,2.98023e-08,1,0,-2.98023e-08,-1,-1,0,0,1,0,0],