{
    "metadata":{
        "uvs":1,
        "vertices":114,
        "type":"Geometry",
        "version":3,
        "faces":112,
        "materials":1,
        "normals":105,
        "generator":"io_three"
    },
    "uvs":[[0,0,1,0,1,1,0,1]],
    "materials":[{
        "depthWrite":true,
        "visible":true,
        "colorSpecular":[0.5,0.5,0.5],
        "opacity":1,
        "DbgIndex":0,
        "specularCoef":50,
        "shading":"phong",
        "blending":"NormalBlending",
        "doubleSided":false,
        "colorEmissive":[0,0,0],
        "transparent":false,
        "colorDiffuse":[0.64,0.64,0.64],
        "wireframe":false,
        "depthTest":true,
        "DbgColor":15658734,
        "DbgName":"Material.001"
    }],
    "vertices":[6.02346,0.12864,-6.02346,6.02346,0.128641,6.02346,-6.02346,0.128641,6.02346,-6.02346,0.12864,-6.02347,2.0653,16.1373,-2.0653,2.0653,16.1373,2.0653,-2.0653,16.1373,2.0653,-2.0653,16.1373,-2.0653,3.34609,6.24541,-3.34609,3.34609,6.24541,3.34609,-3.34609,6.24541,3.34609,-3.34609,6.24541,-3.34609,2.84506,8.96101,-2.84506,2.84506,8.96101,2.84506,-2.84506,8.96101,2.84506,-2.84506,8.96101,-2.84506,4.22745,3.18703,-4.22745,4.22745,3.18703,4.22745,-4.22745,3.18703,4.22745,-4.22745,3.18703,-4.22745,2.6311,12.466,-2.63109,2.63109,12.466,2.63109,-2.63109,12.466,2.63109,-2.63109,12.466,-2.63109,3.09101,7.67625,-3.09101,3.09101,7.67625,3.09101,-3.09101,7.67625,3.09101,-3.09101,7.67625,-3.09101,3.72338,4.71771,-3.72338,3.72338,4.71771,3.72338,-3.72338,4.71771,3.72338,-3.72338,4.71771,-3.72338,5.00434,1.65783,-5.00434,5.00434,1.65783,5.00434,-5.00434,1.65783,5.00434,-5.00434,1.65783,-5.00434,6.02346,0.128641,9.25694e-07,-6.02346,0.128641,-1.22846e-06,2.0653,16.1373,2.03716e-07,-2.0653,16.1373,-1.2735e-06,-3.34609,6.24541,-1.09585e-06,3.34609,6.24541,6.9913e-07,-2.84506,8.96101,-1.14677e-06,2.84506,8.96101,5.49015e-07,4.22745,3.18703,7.32197e-07,-4.22745,3.18703,-1.03163e-06,-2.63109,12.466,-1.24203e-06,2.63109,12.466,4.83053e-07,3.09101,7.67625,6.45834e-07,-3.09101,7.67625,-1.19655e-06,3.72338,4.71771,6.81506e-07,-3.72338,4.71771,-1.09394e-06,-5.00434,1.65783,-9.56229e-07,5.00434,1.65783,5.3518e-07,7.95731e-07,0.12864,-6.02346,-2.81348e-07,0.128641,6.02346,6.02932e-07,16.1373,-2.0653,-9.97387e-07,16.1373,2.0653,8.62435e-07,6.24541,-3.34609,-9.32548e-07,6.24541,3.34609,7.7096e-07,8.96101,-2.84506,-9.24829e-07,8.96101,2.84506,-7.95869e-07,3.18703,4.22745,9.6796e-07,3.18703,-4.22745,7.22999e-07,12.466,-2.63109,-1.00208e-06,12.466,2.63109,-8.31077e-07,7.67625,3.09101,8.27071e-07,7.67625,-3.09101,9.0196e-07,4.71771,-3.72338,-8.73487e-07,4.71771,3.72338,-6.44021e-07,1.65783,5.00434,8.47388e-07,1.65783,-5.00434,2.0653,24.4673,-2.0653,5.96046e-08,0.128641,-1.24832e-07,2.0653,19.5788,-2.0653,2.0653,19.5788,2.0653,-2.0653,19.5788,2.0653,-2.0653,19.5788,-2.0653,2.0653,19.5788,5.32817e-08,-2.0653,19.5788,-1.42394e-06,6.02932e-07,19.5788,-2.0653,-9.97387e-07,19.5788,2.0653,2.0653,28.802,-2.0653,2.0653,24.4673,2.0653,-2.0653,24.4673,2.0653,-2.0653,24.4673,-2.0653,2.0653,24.4673,-1.60402e-07,-2.0653,24.4673,-1.63762e-06,6.02932e-07,24.4673,-2.0653,-9.97387e-07,24.4673,2.0653,2.0653,28.802,2.0653,-2.0653,28.802,2.0653,-2.0653,28.802,-2.0653,2.0653,28.802,-3.49878e-07,-2.0653,28.802,-1.8271e-06,6.02932e-07,28.802,-2.0653,-9.97387e-07,28.802,2.0653,-1.35677e-07,28.802,-1.08849e-06,2.87188,32.7119,-5.93604,2.87188,32.7119,-3.87074,0.806576,32.7119,-3.87074,0.806576,32.7119,-5.93604,-3.63713,32.3834,-5.49017,-5.70243,32.3834,-5.49017,-5.70243,32.3834,-3.42487,-3.63713,32.3834,-3.42487,2.0653,34.3576,5.95463,2.0653,34.3576,8.01994,-1.35677e-07,34.3576,5.95463,-9.97387e-07,34.3576,8.01993,-4.20128,39.4758,5.72847,-6.26658,39.4758,5.72847,-6.26658,39.4758,3.66317,-4.20128,39.4758,3.66317],
    "normals":[-1.56671e-14,-1,7.91633e-08,1,1.59946e-14,5.77201e-07,0.988332,0.152318,5.46672e-07,-3.55337e-07,0.152318,0.988332,-0.988332,0.152317,-2.05002e-07,2.17648e-07,0.554573,-0.832135,3.28106e-07,0.175505,-0.984478,-0.970831,0.239763,-2.6254e-07,-2.6254e-07,0.239763,0.970831,0.970831,0.239763,2.6254e-07,2.60366e-07,0.0609327,-0.998142,-0.982165,0.188021,-1.57361e-07,-3.14721e-07,0.188021,0.982165,0.982165,0.188021,2.84016e-07,0.891542,0.452938,8.28126e-08,-1.80682e-07,0.452937,0.891542,-0.891542,0.452938,-2.8608e-07,2.83762e-07,0.312785,-0.949824,3.0067e-07,0.152317,-0.988332,-0.998142,0.0609326,-1.73577e-07,-3.90549e-07,0.0609328,0.998142,0.998142,0.0609327,4.21544e-07,0.984478,0.175505,3.28106e-07,-2.93065e-07,0.175505,0.984478,-0.984479,0.175505,-2.58025e-07,3.14721e-07,0.188021,-0.982165,2.57182e-07,0.239763,-0.970831,0.949824,0.312785,1.90725e-07,-2.00029e-07,0.312785,0.949824,-0.949824,0.312785,-2.65155e-07,-0.832135,0.554573,-2.76471e-07,-1.41177e-07,0.554574,0.832134,0.832135,0.554573,-2.35295e-08,2.25853e-07,0.452938,-0.891542,0.832135,0.554573,1.17647e-08,-0.832135,0.554574,-2.05883e-07,-0.949824,0.312785,-2.37244e-07,0.949824,0.312785,1.62814e-07,-0.984478,0.175505,-2.8988e-07,0.984478,0.175505,2.8988e-07,0.998142,0.0609326,4.33943e-07,-0.998142,0.0609327,-3.59553e-07,-0.891542,0.452938,-2.48438e-07,0.891542,0.452938,7.52842e-08,0.982165,0.188021,3.53102e-07,-0.982165,0.188021,-3.83806e-07,0.970831,0.239763,2.57182e-07,-0.970831,0.239763,-2.57182e-07,-0.988332,0.152317,-2.5967e-07,0.988332,0.152318,5.05672e-07,1,1.59946e-14,5.77201e-07,-2.19339e-14,-1,7.91633e-08,-1.25337e-14,-1,7.91633e-08,-6.92641e-07,0,1,1.35512e-07,0.452938,-0.891542,-1.41177e-07,0.554574,0.832134,-1.67466e-07,0.312785,0.949824,2.6254e-07,0.239763,-0.970831,2.7634e-07,0.188021,-0.982165,-3.28106e-07,0.175505,0.984478,-4.33943e-07,0.0609327,0.998142,3.0067e-07,0.152317,-0.988332,1.44207e-07,0.312785,-0.949824,-1.35512e-07,0.452938,0.891542,-3.53102e-07,0.188021,0.982165,3.0376e-07,0.0609326,-0.998142,-2.57182e-07,0.239763,0.970831,2.93065e-07,0.175505,-0.984478,1.47059e-07,0.554573,-0.832135,-6.0134e-07,0.152318,0.988332,-3.46321e-07,0,1,-1.25337e-14,-1,7.91633e-08,3.4632e-07,-4.87713e-08,-1,-1,-1.12603e-14,-2.3088e-07,-1,-1.12603e-14,-2.3088e-07,-1,-7.99732e-15,-2.3088e-07,3.4632e-07,0,-1,3.4632e-07,-5.50022e-08,-1,1,1.26989e-14,5.77201e-07,-3.46321e-07,5.50022e-08,1,1,1.26989e-14,5.77201e-07,-6.92641e-07,4.87713e-08,1,1,3.3781e-14,5.77201e-07,-3.46321e-07,4.87713e-08,1,1,3.3781e-14,5.77201e-07,-2.45511e-07,-0.324608,0.945849,0.701627,0.712544,3.1662e-07,-0.979378,0.202038,-3.90373e-07,-5.67004e-07,-0.73118,0.682184,-1,-1.26989e-14,-2.3088e-07,-1,-1.26989e-14,-2.3088e-07,-6.92641e-07,5.50022e-08,1,0,1,0,-3.35717e-07,0.703543,0.710653,0.979378,-0.202038,5.63873e-07,2.93752e-07,-0.703543,-0.710653,-2.32958e-07,0.691136,0.722725,-0.701627,-0.712544,-9.04629e-08,1.86366e-07,-0.691136,-0.722725,2.26802e-07,0.73118,-0.682184,1,-6.18657e-07,5.77201e-07,-1,4.47199e-07,-4.17232e-07,0.930514,0.366256,3.2204e-07,3.27347e-07,0.324608,-0.945849,-0.930514,-0.366256,-1.6102e-07],