{
    "metadata":{
        "faces":66,
        "normals":66,
        "uvs":1,
        "version":3,
        "type":"Geometry",
        "generator":"io_three",
        "vertices":68,
        "materials":1
    },
    "vertices":[-4.47345,-0.137528,8.03912,-0.838093,9.78825,8.1337,-4.19431,0.0149498,-7.96178,-0.77586,9.94072,-7.86721,4.60994,-0.137174,8.06657,1.18697,9.7886,8.16114,4.88909,0.0153041,-7.93434,1.24921,9.94108,-7.83976,-4.33388,-0.0612893,0.0386701,-0.806976,9.86448,0.133244,4.74951,-0.0609345,0.0661136,1.21809,9.86484,0.160688,-0.791418,9.90261,-3.86698,4.8193,-0.0228152,-3.93411,-4.2641,-0.023169,-3.96156,1.23365,9.90296,-3.83954,-4.40428,-0.0997438,4.07414,1.13493,9.23049,4.19728,-0.771309,9.21346,4.16763,4.67911,-0.0993896,4.10158,-3.17809,-0.0422287,-1.96144,0.9723,8.82225,-1.83942,-0.548974,8.8219,-1.86687,3.64555,-0.0418744,-1.934,-0.537286,8.86002,-5.86709,3.69797,-0.00375462,-5.93423,-3.12567,-0.00410891,-5.96167,0.983987,8.86037,-5.83965,-0.560713,8.78361,2.15098,3.59289,-0.0801616,2.08385,-3.23075,-0.0805159,2.0564,0.96056,8.78397,2.17842,-3.28317,-0.118635,6.05663,1.27085,8.74585,6.17865,-0.572401,8.74549,6.1512,3.86245,-0.118281,6.08407,-0.671855,9.57147,5.15942,4.10979,-0.108835,5.09283,-3.84373,-0.10919,5.06538,1.0419,9.58016,5.18796,-3.81752,-0.0901299,3.06527,1.04774,9.59922,3.18785,-0.666011,9.59053,3.15931,4.136,-0.0897756,3.09271,-0.683844,9.48658,1.14211,4.31284,-0.0705481,1.07498,-3.78231,-0.0709019,1.04754,1.23097,9.48693,1.16955,-3.75599,-0.0517588,-0.961386,1.09519,9.50608,-0.839368,-0.677975,9.50572,-0.866812,4.19753,-0.051405,-0.933943,-0.670196,9.18682,-2.86693,4.23242,-0.0323443,-2.93406,-3.72109,-0.0326991,-2.9615,1.10297,9.18717,-2.83948,-3.69488,-0.013639,-4.96161,1.10882,9.63589,-4.83959,-0.664352,9.63553,-4.86704,4.25864,-0.0132847,-4.93417,-0.656573,9.40037,-6.86715,4.41223,0.0057745,-6.93428,-3.65999,0.00542021,-6.96173,1.2353,9.40073,-6.83971,-3.87831,-0.128082,7.04788,1.06792,9.46558,7.16989,-0.705247,9.46523,7.14245,4.0752,-0.127728,7.07532],
    "faces":[43,62,60,3,2,0,0,1,2,3,0,0,0,0,43,2,3,7,6,0,0,1,2,3,1,1,1,1,43,67,65,5,4,0,0,1,2,3,2,2,2,2,43,1,0,4,5,0,2,3,0,1,3,3,3,3,43,4,0,64,67,0,2,3,0,1,4,4,4,4,43,65,66,1,5,0,0,1,2,3,5,5,5,5,43,49,50,9,11,0,0,1,2,3,6,6,6,6,43,48,51,10,8,0,0,1,2,3,7,7,7,7,43,51,49,11,10,0,0,1,2,3,8,8,8,8,43,46,44,9,8,0,0,1,2,3,9,9,9,9,43,59,57,15,13,0,0,1,2,3,10,10,10,10,43,56,59,13,14,0,0,1,2,3,11,11,11,11,43,57,58,12,15,0,0,1,2,3,12,12,12,12,43,54,52,12,14,0,0,1,2,3,13,13,13,13,43,38,36,18,16,0,0,1,2,3,14,14,14,14,43,41,42,18,17,0,0,1,2,3,15,15,15,15,43,40,43,19,16,0,0,1,2,3,16,16,16,16,43,43,41,17,19,0,0,1,2,3,17,17,17,17,43,48,50,22,20,0,0,1,2,3,18,18,18,18,43,53,55,21,23,0,0,1,2,3,19,19,19,19,43,54,53,23,20,0,0,1,2,3,20,20,20,20,43,55,52,22,21,0,0,1,2,3,21,21,21,21,43,63,60,24,27,0,0,1,2,3,22,22,22,22,43,62,61,25,26,0,0,1,2,3,23,23,23,23,43,61,63,27,25,0,0,1,2,3,24,24,24,24,43,56,58,24,26,0,0,1,2,3,25,25,25,25,43,45,47,31,29,0,0,1,2,3,26,26,26,26,43,46,45,29,30,0,0,1,2,3,27,27,27,27,43,47,44,28,31,0,0,1,2,3,28,28,28,28,43,40,42,28,30,0,0,1,2,3,29,29,29,29,43,64,66,34,32,0,0,1,2,3,30,30,30,30,43,39,36,34,33,0,0,1,2,3,31,31,31,31,43,38,37,35,32,0,0,1,2,3,32,32,32,32,43,37,39,33,35,0,0,1,2,3,33,33,33,33,43,19,17,39,37,0,0,1,2,3,34,34,34,34,43,16,19,37,38,0,0,1,2,3,35,35,35,35,43,17,18,36,39,0,0,1,2,3,36,36,36,36,43,32,34,36,38,0,0,1,2,3,37,37,37,37,43,16,18,42,40,0,0,1,2,3,38,38,38,38,43,29,31,41,43,0,0,1,2,3,39,39,39,39,43,30,29,43,40,0,0,1,2,3,40,40,40,40,43,31,28,42,41,0,0,1,2,3,41,41,41,41,43,11,9,44,47,0,0,1,2,3,42,42,42,42,43,8,10,45,46,0,0,1,2,3,43,43,43,43,43,10,11,47,45,0,0,1,2,3,44,44,44,44,43,30,28,44,46,0,0,1,2,3,45,45,45,45,43,8,9,50,48,0,0,1,2,3,46,46,46,46,43,23,21,49,51,0,0,1,2,3,47,47,47,47,43,20,23,51,48,0,0,1,2,3,48,48,48,48,43,21,22,50,49,0,0,1,2,3,49,49,49,49,43,15,12,52,55,0,0,1,2,3,50,50,50,50,43,14,13,53,54,0,0,1,2,3,51,51,51,51,43,13,15,55,53,0,0,1,2,3,52,52,52,52,43,20,22,52,54,0,0,1,2,3,53,53,53,53,43,14,12,58,56,0,0,1,2,3,54,54,54,54,43,27,24,58,57,0,0,1,2,3,55,55,55,55,43,26,25,59,56,0,0,1,2,3,56,56,56,56,43,25,27,57,59,0,0,1,2,3,57,57,57,57,43,6,7,63,61,0,0,1,2,3,58,58,58,58,43,2,6,61,62,0,0,1,2,3,59,59,59,59,43,7,3,60,63,0,0,1,2,3,60,60,60,60,43,26,24,60,62,0,0,1,2,3,61,61,61,61,43,0,1,66,64,0,0,1,2,3,62,62,62,62,43,33,34,66,65,0,0,1,2,3,63,63,63,63,43,32,35,67,64,0,0,1,2,3,64,64,64,64,43,35,33,65,67,0,0,1,2,3,65,65,65,65],
    "normals":[-0.883295,0.289985,0.368372,0.00494005,0.00958289,-0.999942,0.891838,0.297107,-0.341104,-0.00494011,-0.00947458,0.999943,7.22539e-05,-0.999955,-0.00952717,0.00429937,0.95079,-0.309807,0.00470349,0.941259,-0.337653,7.22854e-05,-0.999955,-0.00952816,0.885055,0.304764,-0.351848,-0.886596,0.298057,0.353708,0.886954,0.30851,-0.343708,7.22606e-05,-0.999955,-0.00952903,0.00354823,0.966136,-0.258008,-0.870648,0.292759,0.395302,-0.913052,0.324678,0.246819,-0.0122354,0.937942,0.346577,7.22834e-05,-0.999955,-0.00952749,0.918987,0.32275,-0.226486,-0.873693,0.274797,-0.40143,0.885647,0.280315,0.370208,8.33672e-05,-0.999955,-0.00952703,-0.00591263,0.939406,0.342757,-0.00782004,0.879976,0.474954,8.26481e-05,-0.999955,-0.0095207,0.8377,0.265322,0.477351,-0.872921,0.269095,-0.406937,0.830371,0.252473,0.496731,8.24932e-05,-0.999955,-0.00952194,-0.00929379,0.82075,0.571212,-0.869872,0.277218,-0.408011,-0.864424,0.27984,-0.417684,-0.0120711,0.765611,0.64319,8.15801e-05,-0.999955,-0.00954178,0.948568,0.288009,0.131416,0.914942,0.315563,0.251596,7.22861e-05,-0.999955,-0.00952833,-0.00128729,0.941792,-0.336193,-0.872577,0.272671,0.405291,-0.911106,0.327906,-0.249727,0.88081,0.275522,-0.385048,8.33358e-05,-0.999955,-0.00952726,0.00866331,0.779373,-0.6265,-0.00505952,0.936333,0.351076,7.17023e-05,-0.999955,-0.0095322,0.91713,0.30886,0.251948,-0.879838,0.271505,0.390089,-0.880965,0.302186,-0.364121,0.87743,0.2791,-0.390154,8.33074e-05,-0.999955,-0.00952826,0.00922546,0.825449,-0.564402,-0.00856167,0.81316,0.581977,7.22819e-05,-0.999955,-0.00952703,0.859343,0.297299,0.416105,-0.895031,0.277474,0.34918,-0.888729,0.298615,-0.347836,0.010039,0.7902,-0.612767,8.33418e-05,-0.999955,-0.00952874,0.870265,0.279785,-0.405413,0.898489,0.314005,0.306786,7.17943e-05,-0.999955,-0.00953068,-0.00682377,0.879616,0.475635,-0.891171,0.269135,0.365214,-0.875881,0.309105,-0.370523,0.00874319,0.809864,-0.586552,8.14779e-05,-0.999955,-0.00951365,0.950987,0.289584,-0.108467],
    "uvs":[[0,0,1,0,1,1,0,1]],
    "materials":[{
        "wireframe":false,
        "transparent":false,
        "DbgColor":15658734,
        "blending":"NormalBlending",
        "doubleSided":false,
        "visible":true,
        "depthTest":true,
        "colorEmissive":[0,0,0],
        "colorSpecular":[0.5,0.5,0.5],
        "specularCoef":50,
        "DbgIndex":0,
        "shading":"phong",
        "colorDiffuse":[0.64,0.64,0.64],
        "opacity":1,
        "depthWrite":true,
        "DbgName":"Material.001"
    }]
}