{
    "metadata":{
        "uvs":1,
        "version":3,
        "vertices":42,
        "faces":40,
        "type":"Geometry",
        "normals":38,
        "generator":"io_three",
        "materials":1
    },
    "uvs":[[0,0,1,0,1,1,0,1]],
    "normals":[0,-1,0,-0.330713,0.904961,0.26772,0.98904,0.06926,-0.130397,-0.247848,0.882263,0.400228,-0.838154,0.208423,-0.504042,4.28614e-08,-1,-5.73093e-07,0.164421,0.939867,-0.299359,2.36511e-08,-1,-1.94137e-07,0.31054,0.904549,0.292156,0,-1,0,0.412107,0.91096,0.0178561,-0.95276,0.276974,-0.124632,0.979322,0.109919,-0.169843,-0.133066,0.987268,0.0871499,-0.926755,0.234707,0.293324,-1.43427e-14,-1,7.09239e-08,0.43781,0.899055,-0.00468726,0.972359,0.125227,0.197067,-0.353251,0.9213,0.16254,-1.28639e-14,-1,7.09238e-08,-3.38268e-14,-1,1.41848e-07,-0.0570239,0.641268,-0.765195,0.94428,0.214119,0.249975,0.208563,0.71198,-0.670511,-3.59504e-14,-1,1.41848e-07,-0.932754,0.264876,0.244564,-0.173306,0.217081,0.960646,0.226621,0.158273,0.961037,-0.987911,0.14938,-0.0414376,0.247848,0.882263,0.400228,0.976218,0.0830987,0.200233,-3.67531e-08,-1,-2.11583e-07,-0.10565,0.134612,-0.98525,0.116102,0.118335,-0.986163,-4.68246e-08,-1,-5.44556e-07,0.801823,0.291893,-0.521419,-0.164421,0.939867,-0.299359,-0.973201,0.150944,0.173483],
    "vertices":[1.58697,-1,-1.68081,1.21467,-1,1.68081,-1.10854,-1,1.68081,-1,-1,-1.68081,1,-0.018867,-1.68081,1.01158,0.445385,1.69593,-1.01158,0.445385,1.69593,-1,-0.018867,-1.68081,1.78814e-07,-1,-1.68081,0,-1,1.68081,2.38419e-07,-0.018867,-1.68081,-5.37161e-07,0.471863,1.71985,1.35793,-1,1.43895e-07,-1.30921,-1,-4.57208e-07,0.967273,0.583455,-0.00433397,-1.009,0.824601,0.00721026,-1.5206e-07,0.895159,0.011406,8.9407e-08,-1,-1.56656e-07,1,-1,0.840403,1.0055,0.409851,0.843082,-3.39432e-07,1.05905,0.871186,-1.64841,-1,0.840403,-1.02774,0.352458,0.853915,4.47035e-08,-1,0.840403,-1.74937,-1,-0.840404,-1.02025,0.836999,-0.887522,1.3411e-07,-1,-0.840403,1,-1,-0.840403,1.04567,0.439366,-0.868975,4.31755e-08,1.038,-0.869629,-3.19511e-07,-1,2.73693,-1.26168,-1,2.44817,1,-1,2.35223,0.999999,-0.0959287,2.35223,-1,-0.0959287,2.35223,-8.55953e-07,0.431839,2.35223,3.98915e-07,-1,-2.42353,-1.25008,-1,-2.23005,1,-1,-2.23005,1,-0.368748,-2.23005,-1,-0.368748,-2.23005,4.58519e-07,-0.0188666,-2.23005],
    "faces":[43,23,9,2,21,0,0,1,2,3,0,0,0,0,43,20,22,6,11,0,0,1,2,3,1,1,1,1,43,18,19,5,1,0,0,1,2,3,2,2,2,2,43,11,6,34,35,0,0,1,2,3,3,3,3,3,43,24,25,7,3,0,0,1,2,3,4,4,4,4,43,0,8,36,38,0,0,1,2,3,5,5,5,5,43,10,4,39,41,0,0,1,2,3,6,6,6,6,43,2,9,30,31,0,0,1,2,3,7,7,7,7,43,19,20,11,5,0,0,1,2,3,8,8,8,8,43,18,1,9,23,0,0,1,2,3,9,9,9,9,43,27,12,17,26,0,0,1,2,3,9,9,9,9,43,28,29,16,14,0,0,1,2,3,10,10,10,10,43,21,22,15,13,0,0,1,2,3,11,11,11,11,43,27,28,14,12,0,0,1,2,3,12,12,12,12,43,29,25,15,16,0,0,1,2,3,13,13,13,13,43,26,17,13,24,0,0,1,2,3,0,0,0,0,43,2,6,22,21,0,0,1,2,3,14,14,14,14,43,12,18,23,17,0,0,1,2,3,15,15,15,15,43,14,16,20,19,0,0,1,2,3,16,16,16,16,43,12,14,19,18,0,0,1,2,3,17,17,17,17,43,16,15,22,20,0,0,1,2,3,18,18,18,18,43,17,23,21,13,0,0,1,2,3,19,19,19,19,43,8,26,24,3,0,0,1,2,3,20,20,20,20,43,10,7,25,29,0,0,1,2,3,21,21,21,21,43,0,4,28,27,0,0,1,2,3,22,22,22,22,43,4,10,29,28,0,0,1,2,3,23,23,23,23,43,0,27,26,8,0,0,1,2,3,24,24,24,24,43,13,15,25,24,0,0,1,2,3,25,25,25,25,43,30,35,34,31,0,0,1,2,3,26,26,26,26,43,32,33,35,30,0,0,1,2,3,27,27,27,27,43,6,2,31,34,0,0,1,2,3,28,28,28,28,43,5,11,35,33,0,0,1,2,3,29,29,29,29,43,1,5,33,32,0,0,1,2,3,30,30,30,30,43,9,1,32,30,0,0,1,2,3,31,31,31,31,43,41,36,37,40,0,0,1,2,3,32,32,32,32,43,39,38,36,41,0,0,1,2,3,33,33,33,33,43,8,3,37,36,0,0,1,2,3,34,34,34,34,43,4,0,38,39,0,0,1,2,3,35,35,35,35,43,7,10,41,40,0,0,1,2,3,36,36,36,36,43,3,7,40,37,0,0,1,2,3,37,37,37,37],
    "materials":[{
        "mapDiffuseAnisotropy":1,
        "DbgIndex":0,
        "mapDiffuseWrap":["repeat","repeat"],
        "DbgName":"grass",
        "colorEmissive":[0,0,0],
        "wireframe":false,
        "mapDiffuse":"grass.jpg",
        "opacity":1,
        "doubleSided":false,
        "DbgColor":15658734,
        "colorDiffuse":[0.674483,0.674483,0.674483],
        "shading":"lambert",
        "visible":true,
        "blending":"NormalBlending",
        "depthTest":true,
        "mapDiffuseRepeat":[1,1],
        "transparent":false,
        "depthWrite":true
    }]
}