{
    "metadata":{
        "normals":61,
        "uvs":1,
        "type":"Geometry",
        "version":3,
        "vertices":100,
        "generator":"io_three",
        "faces":104,
        "materials":1
    },
    "normals":[0,0,1,-0,0,-1,-0,0,1,0,-0.253087,-0.967444,0.515383,0.853171,0.0804913,-0.156375,0.980272,0.120888,-0,0,-1,0.0410742,-0.269645,-0.962083,0.022641,-0.261376,0.964971,0,0,-1,0,-0.996378,0.0850305,0.701827,0.7107,0.048412,0.582435,0.812877,-0,0.582435,0.812877,-0,0,0.992146,-0.125083,-0.156375,0.980272,-0.120888,0.515383,0.853171,-0.0804913,0,0.992146,0.125082,0.156375,0.980272,-0.120888,0.0747735,-0.994225,0.0769728,0.00787299,-0.261915,-0.965059,0.156375,0.980272,0.120888,0,0,-1,-0.850028,-0.526725,-0.00360257,-0,0,1,0.41679,-0.371816,-0.829481,-0.701827,0.7107,-0.0484121,-0.582435,0.812877,0,-0.582435,0.812877,-9.02092e-08,0.258007,-0.965896,0.021862,-0.581544,0.811634,0.0552875,-0.702651,0.711535,0,-0.702651,0.711534,0,-0.38188,-0.923391,-0.0389491,-1,0,0,1,0,0,1,0,0,-0.989338,-0.0622172,0.131677,-0.998427,-0.0542531,0.0141277,-0.515383,0.853171,-0.0804913,0,0,1,-0.428551,-0.353477,0.831504,-0.515383,0.853171,0.0804913,0.894725,-0.446616,0.000876777,0.456753,-0.408128,0.790448,-0.876736,-0.480368,-0.0240859,-0.998492,-0.053008,-0.0142727,0.0477919,-0.307527,0.950338,0.00904086,-0.298493,0.954369,0,-0.288667,0.95743,-0.144637,-0.98932,-0.0180448,-0.985935,-0.0633625,-0.154652,-0.0459114,-0.254017,-0.96611,0.895043,-0.445974,-0.00218581,-0.373303,-0.372911,-0.84946,0.0744546,-0.994027,-0.0797909,0,-0.996135,-0.0878386,0.255942,-0.966376,-0.0247078,0.581544,0.811634,-0.0552876,0.702651,0.711534,-7.89627e-08,0.702651,0.711534,-0],
    "vertices":[-4.90081,5.00063,4.91817,-4.90081,8.13904,4.91817,-4.90081,5.00063,-4.91817,-4.90081,8.13904,-4.91817,4.90081,5.00063,4.91817,4.90081,8.13904,4.91817,4.90081,5.00063,-4.91817,4.90081,8.13904,-4.91817,0,5.00063,-4.91817,0,8.5164,-4.91817,0,5.00063,4.91817,0,8.5164,4.91817,-4.90081,6.45236,4.91817,-4.90081,6.45236,-4.91817,4.90081,6.45236,-4.91817,4.90081,6.45236,4.91817,0,6.45236,4.91817,0,6.45236,-4.91817,-4.56434,7.23526,-3.10675e-07,-4.90081,8.73201,-3.76385e-07,4.90081,7.42827,-3.19397e-07,4.90081,8.73201,-3.78799e-07,0,9.13644,-3.94063e-07,0,7.42827,-3.19397e-07,2.45041,8.5164,-4.91817,2.45041,5.00063,4.91817,2.45041,5.00063,-4.91817,2.45041,8.5164,4.91817,2.45041,6.45236,4.91817,2.45041,6.45236,-4.91817,2.45041,9.13644,-3.96477e-07,2.45041,7.42827,-3.19397e-07,-2.45041,5.00063,-4.91817,-2.45041,8.5164,4.91817,-2.45041,8.5164,-4.91817,-2.45041,5.00063,4.91817,-2.45041,6.45236,-4.91817,-2.45041,6.45236,4.91817,-2.45041,7.42827,-3.19397e-07,-2.45041,9.13644,-3.94063e-07,-5.98114,6.71222,-2.87812e-07,-5.81114,4.84637,4.91817,-5.81114,6.13388,4.91817,-5.81114,7.71811,4.91817,-5.81114,8.05313,-3.4671e-07,-5.81114,7.71811,-4.91817,-5.81114,6.13388,-4.91817,-5.81114,4.84637,-4.91817,5.81114,6.13388,-4.91817,5.81114,4.84637,-4.91817,5.81114,6.85013,-2.94125e-07,5.81114,8.05313,-3.4671e-07,5.81114,7.71811,4.91817,5.81114,6.13388,4.91817,5.81114,4.84637,4.91817,5.81114,7.71811,-4.91817,-7.05518,4.71867,-2.00672e-07,-7.04735,4.41307,4.91817,-7.04735,5.24812,4.91817,-7.04735,6.83235,4.91817,-7.04735,6.83235,-2.93348e-07,-7.04735,6.83235,-4.91817,-7.04735,5.24812,-4.91817,-7.04735,4.41307,-4.91817,7.04735,5.24812,-4.91817,7.04735,4.41307,-4.91817,7.04735,4.90185,-2.08963e-07,7.04735,6.83235,-2.93348e-07,7.04735,6.83235,4.91817,7.04735,5.24812,4.91817,7.04735,4.41307,4.91817,7.04735,6.83235,-4.91817,7.04735,5.598,-2.39393e-07,-7.04735,5.73341,-2.45312e-07,4.90081,7.06159,-4.29679,-4.86023,6.91438,-4.29679,0,7.06159,-4.29679,2.45041,7.06159,-4.29679,-2.45041,7.06159,-4.29679,5.81114,7.37356,-4.29679,-6.04009,6.74381,-4.29679,-7.04735,6.83235,-4.29679,7.04735,4.80931,-4.29679,-7.04735,5.72817,-4.29679,-6.9359,4.79107,-4.29679,7.04735,6.83235,-4.29679,7.04735,5.51117,-4.29679,-4.86625,6.8954,4.38422,0,7.04167,4.38422,4.90081,7.04167,4.38422,2.45041,7.04167,4.38422,-2.45041,7.04167,4.38422,-6.04129,6.732,4.38422,5.81114,6.86687,4.38422,-6.93348,4.77945,4.38422,7.04735,6.83235,4.38422,7.04735,5.66109,4.38422,-7.04735,6.83235,4.38422,7.04735,4.82514,4.38422,-7.04735,5.7163,4.38422],