{
    "normals":[0,-0.292213,0.956353,0,-0.289255,-0.957252,0,-0.760121,-0.649781,0,-7.35826e-08,-1,0,-0.75658,0.653901,0,-1,0,-0.875357,-0.483477,-1.96656e-07,2.60947e-07,-0.483477,-0.875357,-0.00842695,-0.996736,0.0802893,-4.23566e-07,-0.483477,0.875357,-0.999381,0.0351871,-2.49408e-07,-1.83774e-07,0.0351638,0.999382,0.999379,0.0352299,1.24704e-07,-0.999932,-0.011231,0.00327066,-0.999811,-0.0169337,-0.00952086,-0.999937,-0.0112679,-9.98658e-08,-0.999937,-0.0112679,-7.90333e-08,-0.999937,-0.0112682,-5.97568e-07,-0.999937,-0.011267,-1.11699e-06,-0.999936,-0.0112668,9.45464e-07,-0.999936,-0.011268,-1.97295e-07,3.17727e-07,-0.011268,-0.999937,-4.68513e-07,-0.0112679,0.999936,0.999937,-0.0112679,5.68524e-07,-3.96429e-07,0.408795,0.912626,0,1,0,0.912626,0.408795,6.34287e-07,-0.912626,0.408795,-1.58572e-07,2.77501e-07,0.408795,-0.912626,2.2316e-07,0.492222,-0.87047,-0.87047,0.492222,-1.48773e-07,0.87047,0.492222,5.08308e-07,-4.21524e-07,0.492221,0.87047,-4.39951e-07,0.542358,0.840147,0.840147,0.542358,5.29736e-07,-0.840147,0.542358,-1.61615e-07,2.15486e-07,0.542358,-0.840148,0,7.35826e-08,1,-0.999784,-0.0169333,-0.0120252,0,1,-0,-0.999958,-0.00918646,0,-0.999958,-0.00918668,-6.78536e-07,-0.999958,-0.00918646,0,-0.999958,-0.0091863,-2.03989e-07,0,1,-0,0,1,0,0.0086808,-0.997201,-0.0742613,0.076745,-0.997014,-0.00857784,2.49407e-07,0.0352532,-0.999378,-0.953948,0.299973,-2.57005e-07,-0,1,0,-5.52646e-07,8.68909e-08,1,0.345085,-0.143913,-0.927473,0.9679,0.251335,0,-0,0,-1,-0.0814684,-0.996641,0.00838049,-0.348253,-0.133667,0.927822,-7.21968e-08,0.28495,0.958542,-1,0,-0,0.935006,-0.141777,-0.325059,2.42657e-07,0.226537,-0.974003,1,-1.21294e-07,1.04302e-06,-0.9341,-0.130184,0.332429,0.707985,-0.201239,-0.676949,1.39967e-06,-4.40131e-07,-1,0.922955,-0.384908,0,0.736843,0.191336,0.648423,0.731333,0.194342,0.653746,-0.704899,-0.160684,0.690868,-0,0,1,-0.933594,-0.358332,-1.68581e-06,0.669209,-0.210436,0.712654,1,0,0,-1.30329e-06,-0.36465,0.931145,0.875357,-0.483477,4.53821e-07,0.999842,-0.0177517,3.84517e-07,-3.84517e-07,-0.0177517,0.999842,2.787e-07,-0.0177517,-0.999842,-0.999842,-0.0177517,-2.57835e-07],
    "vertices":[-0.954042,9.13476,-0.189175,-0.947182,8.72974,-0.189175,-0.947182,8.72974,0.162182,-0.947182,8.72974,-0.0134969,-0.947182,8.72974,-0.101336,-0.947182,8.72974,0.075313,-0.958137,9.49816,-0.0134969,-0.957281,9.42224,-0.101336,-0.957281,9.42224,0.075313,-0.954042,9.13476,0.162182,0.569174,0.191468,-0.777515,0.450153,0.226246,0.652568,-0.979721,0.191468,0.77138,-0.860834,0.226246,-0.65842,0.457907,3.76296,-0.666174,0.457907,3.76296,0.660322,-0.868589,3.76296,0.660321,-0.868588,3.76296,-0.666174,0.670311,7.62704,-0.878577,0.67031,7.62704,0.872725,-1.08099,7.62704,-0.878577,-1.08099,7.62704,0.872724,0.700931,10.3444,-0.909197,0.70093,10.3444,0.903345,-1.11161,10.3444,-0.909198,-1.11161,10.3444,0.903344,0.957636,10.0511,-1.16568,0.957635,10.0511,1.16002,-1.36807,10.0511,-1.16568,-1.36807,10.0511,1.16002,-0.15382,12.0687,-0.0542234,-0.15382,12.0687,0.0485677,-0.256611,12.0687,-0.0542235,-0.256611,12.0687,0.0485676,0.190133,11.3008,0.392522,-0.600565,11.3008,0.392521,0.190134,11.3008,-0.398177,-0.600565,11.3008,-0.398177,-0.877606,10.8109,0.669561,-0.877605,10.8109,-0.675218,0.467173,10.8109,0.669562,0.467174,10.8109,-0.675217,-1.09112,8.72974,0.075313,-1.09112,8.72974,0.162182,-1.09798,9.13476,0.162182,-1.10122,9.42224,0.075313,-1.09112,8.72974,-0.0134969,-1.10208,9.49816,-0.0134969,-1.09112,8.72974,-0.101336,-1.10122,9.42224,-0.101336,-1.09112,8.72974,-0.189175,-1.09798,9.13476,-0.189175,0.569174,0.606589,-0.777515,0.569174,0.606589,0.77138,-0.979721,0.606589,0.77138,-0.979721,0.606589,-0.777516,-1.15284,0.191468,0.77138,-1.15284,0.191468,-0.777516,-1.02231,0.606589,0.77138,-1.02231,0.606589,-0.777516,0.728506,0.191468,-0.777515,0.728506,0.191468,0.77138,0.620712,0.606589,-0.777515,0.620712,0.606589,0.77138,0.569174,0.191468,0.952438,-0.979721,0.191468,0.952438,0.569174,0.606589,0.829034,-0.979721,0.606589,0.829034,0.569175,0.191468,-0.940083,-0.979721,0.191468,-0.940083,0.569175,0.606589,-0.843533,-0.979721,0.606589,-0.843533,0.521736,7.35804,0.724151,-0.932418,7.35804,0.72415,0.521736,7.35804,-0.730003,-0.932417,7.35804,-0.730003],
    "metadata":{
        "normals":79,
        "vertices":76,
        "generator":"io_three",
        "version":3,
        "faces":85,
        "uvs":1,
        "type":"Geometry",
        "materials":3
    },
    "faces":[43,51,0,7,49,0,2,3,0,1,0,0,0,0,43,9,44,45,8,0,4,5,6,7,1,1,1,1,43,8,45,47,6,0,7,6,8,9,2,2,2,2,43,2,43,44,9,0,10,11,5,4,3,3,3,3,43,6,47,49,7,0,9,8,1,0,4,4,4,4,43,10,11,12,13,1,12,12,12,12,5,5,5,5,43,73,21,20,75,0,13,14,15,16,6,6,6,6,43,75,20,18,74,0,17,18,19,20,7,7,7,7,43,10,13,69,68,1,12,12,12,12,8,8,8,8,43,72,19,21,73,0,21,22,23,24,9,9,9,9,43,54,16,17,55,0,25,26,27,28,10,10,10,10,43,53,15,16,54,0,29,30,31,32,11,11,11,11,43,52,14,15,53,0,33,34,35,36,12,12,12,12,42,24,20,50,0,46,37,38,13,13,13,42,24,50,51,0,46,38,39,14,14,14,42,44,21,25,0,43,44,45,15,15,15,42,45,44,25,0,42,43,45,16,16,16,42,24,51,49,0,46,39,40,17,17,17,42,47,45,25,0,41,42,45,18,18,18,42,24,49,47,0,46,40,41,19,19,19,42,47,25,24,0,41,45,46,20,20,20,43,18,20,24,22,0,47,48,49,50,21,21,21,21,43,21,19,23,25,0,51,52,53,54,22,22,22,22,43,19,18,22,23,0,55,56,57,58,23,23,23,23,43,35,34,31,33,2,59,60,61,62,24,24,24,24,43,30,32,33,31,1,12,12,12,12,25,25,25,25,43,34,36,30,31,2,60,63,64,61,26,26,26,26,43,37,35,33,32,2,65,59,62,66,27,27,27,27,43,36,37,32,30,2,63,65,66,64,28,28,28,28,43,41,39,37,36,2,67,68,65,63,29,29,29,29,43,39,38,35,37,2,68,69,59,65,30,30,30,30,43,40,41,36,34,2,70,67,63,60,31,31,31,31,43,38,40,34,35,2,69,70,60,59,32,32,32,32,43,29,27,40,38,2,71,72,70,69,33,33,33,33,43,27,26,41,40,2,72,73,67,70,34,34,34,34,43,28,29,38,39,2,74,71,69,68,35,35,35,35,43,26,28,39,41,2,73,74,68,67,36,36,36,36,43,0,51,50,1,0,3,2,75,76,37,37,37,37,42,21,44,43,0,77,78,79,38,38,38,42,43,42,46,0,79,80,81,39,39,39,42,48,50,20,0,82,83,84,40,40,40,42,21,43,46,0,77,79,81,41,41,41,42,46,48,20,0,81,82,84,42,42,42,42,21,46,20,0,77,81,84,43,43,43,43,48,4,1,50,0,85,86,76,75,39,39,39,39,43,43,2,5,42,0,11,10,87,88,39,39,39,39,43,46,3,4,48,0,89,90,86,85,39,39,39,39,43,42,5,3,46,0,88,87,90,89,44,44,44,44,43,52,53,63,62,0,12,12,12,12,45,45,45,45,43,12,11,64,65,1,12,12,12,12,46,46,46,46,43,13,12,56,57,1,12,12,12,12,47,47,47,47,43,14,52,55,17,0,91,92,93,94,48,48,48,48,43,56,58,59,57,0,12,12,12,12,49,49,49,49,43,54,55,59,58,0,12,12,12,12,50,50,50,50,43,12,54,58,56,1,12,12,12,12,51,51,51,51,43,55,13,57,59,1,12,12,12,12,52,52,52,52,43,60,62,63,61,0,12,12,12,12,53,53,53,53,43,10,52,62,60,1,12,12,12,12,54,54,54,54,43,11,10,60,61,1,12,12,12,12,55,55,55,55,43,53,11,61,63,1,12,12,12,12,56,56,56,56,43,64,66,67,65,0,12,12,12,12,57,57,57,57,43,54,12,65,67,1,12,12,12,12,58,58,58,58,43,53,54,67,66,0,12,12,12,12,45,45,45,45,43,11,53,66,64,1,12,12,12,12,59,59,59,59,43,70,68,69,71,0,12,12,12,12,60,60,60,60,43,52,10,68,70,1,12,12,12,12,61,61,61,61,43,55,52,70,71,0,12,12,12,12,39,39,39,39,43,13,55,71,69,1,12,12,12,12,62,62,62,62,42,67,65,56,0,12,12,12,63,63,63,42,56,58,54,0,12,12,12,64,64,64,42,56,54,67,0,12,12,12,65,65,65,42,64,61,63,0,12,12,12,66,66,66,42,63,53,66,0,12,12,12,50,50,50,42,63,66,64,0,12,12,12,67,67,67,42,70,68,60,0,12,12,12,68,68,68,42,60,62,52,0,12,12,12,69,69,69,42,60,52,70,0,12,12,12,70,70,70,42,59,57,69,0,12,12,12,71,71,71,42,69,71,55,0,12,12,12,72,72,72,42,69,55,59,0,12,12,12,73,73,73,43,74,18,19,72,0,95,96,97,98,74,74,74,74,43,14,74,72,15,0,99,100,101,102,75,75,75,75,43,15,72,73,16,0,103,104,105,106,76,76,76,76,43,17,75,74,14,0,107,108,109,110,77,77,77,77,43,16,73,75,17,0,111,112,113,114,78,78,78,78],